"TMDB_ID","DID"
636,1
838,1
1895,1
1894,1
1893,1
12,7
10681,7
49529,7
9487,7
585,8
10193,8
12,8
14160,10
13,24
2310,24
5255,24
105,24
686,24
165,24
196,24
9326,24
856,24
17979,24
87502,24
2655,24
8358,24
59861,31
9591,31
25,39
4148,39
37724,39
4147,39
14,39
19255,39
15,40
16,42
17609,42
62215,42
249397,42
553,42
18,59
240832,59
11227,59
112205,59
832,68
19,68
2266,90
86555,98
122917,108
7980,108
120,108
254,108
10779,108
1024,108
763,108
122,108
121,108
57158,108
49051,108
68718,138
1991,138
16869,138
393,138
500,138
680,138
5,138
184,138
24,138
97430,150
37414,172
55931,183
149,185
88794,190
44603,190
22954,190
3683,190
1251,190
13223,190
3580,190
9559,190
688,190
11901,190
8879,190
10015,190
33,190
322,190
70,190
5551,190
10747,190
190859,190
209451,190
585,197
35,197
4953,201
38,201
40805,201
4960,202
470,223
45958,223
194662,223
1164,223
55,223
59,224
2252,224
837,224
49014,224
48231,224
1946,224
157851,224
9426,224
11336,224
12690,228
694,240
3175,240
802,240
967,240
247,240
62,240
935,240
600,240
185,240
975,240
345,240
63,280
68,280
762,280
8054,280
4442,280
157834,280
36819,280
1878,280
4543,280
177,280
219,309
8987,323
65,323
11931,323
2118,323
82684,323
37834,366
76170,366
3558,366
2832,366
2142,366
69,366
5176,366
11232,366
1607,380
1247,380
6973,455
1640,455
43539,455
192145,455
71,468
206563,468
64685,468
590,468
8055,468
578,488
87,488
89,488
839,488
644,488
640,488
857,488
180,488
10110,488
330,488
873,488
840,488
879,488
424,488
329,488
601,488
85,488
17578,488
57212,488
612,488
72976,488
594,488
217,488
74,488
11831,488
687,504
49526,508
12797,508
1586,508
11601,508
210860,508
62213,510
62214,510
12155,510
869,510
3933,510
13885,510
268,510
522,510
32085,510
2668,510
162,510
4011,510
364,510
75,510
587,510
118,510
87093,510
249,518
10830,518
7288,518
12572,524
49026,525
27205,525
1124,525
77,525
272,525
155,525
11660,525
320,525
157336,525
157353,559
92591,564
132344,564
9081,564
80,564
9571,564
76,564
1584,564
3509,564
85350,564
109091,578
147441,578
70981,578
20662,578
9726,578
855,578
4105,578
9740,578
12113,578
4982,578
348,578
78,578
1495,578
11976,578
4421,578
7270,578
98,578
1541,578
9550,607
9361,638
9008,638
949,638
8489,638
201088,638
11454,638
11322,638
1538,638
82,638
7007,648
9549,648
9036,664
7305,664
6488,664
10329,664
10658,686
2005,716
88,716
90,769
9013,769
9475,769
297,769
73,814
74308,814
134374,865
1858,865
9737,865
9802,865
8373,865
91314,865
38356,865
1635,865
95,865
676,865
8961,865
7220,876
51209,876
68734,880
23168,880
4771,880
744,893
9566,893
319,893
2119,893
9509,893
44048,893
18487,893
8963,893
9923,893
1535,893
9798,893
9319,893
96,893
7551,893
256917,934
100,956
107,956
10528,956
58574,956
10851,956
13809,956
207703,957
4836,957
23483,957
2270,957
49538,957
164251,1011
106646,1032
44826,1032
11324,1032
1422,1032
203,1032
769,1032
1578,1032
103,1032
524,1032
11873,1032
1598,1032
3131,1032
2567,1032
50780,1038
4959,1071
1427,1071
2266,1071
83542,1071
10782,1090
1669,1090
913,1090
1911,1090
1572,1090
9593,1090
106,1090
562,1090
10030,1098
6279,1103
5236,1108
68721,1108
34480,1114
11236,1128
2067,1150
6075,1150
117,1150
8688,1150
7340,1150
111,1150
954,1150
109099,1150
9676,1150
820,1152
9563,1152
82525,1152
33909,1152
1852,1152
792,1152
10537,1152
241,1152
1966,1152
10673,1152
2604,1152
51828,1176
24684,1176
270302,1176
11130,1201
32856,1201
4806,1201
114,1201
9880,1201
62838,1201
10780,1201
9637,1215
11355,1215
41513,1215
77931,1215
9600,1215
14405,1215
13499,1215
11024,1215
9714,1215
5516,1223
6977,1223
4944,1223
12573,1223
10778,1223
2266,1223
44264,1223
86829,1223
11368,1223
134,1223
290,1223
11775,1223
378,1223
379,1223
115,1223
275,1223
11934,1223
5516,1224
6977,1224
12573,1224
11775,1224
2266,1224
4944,1224
44264,1224
86829,1224
214030,1241
229297,1243
160588,1243
81836,1243
59436,1243
38031,1243
512,1243
19265,1243
5038,1243
4787,1243
116,1243
703,1243
10849,1243
696,1243
9922,1269
2055,1269
9804,1269
581,1269
62837,1270
2266,1357
152760,1461
3291,1461
10316,1461
11153,1524
11977,1524
137,1524
9932,1524
1636,1524
17610,1524
9535,1524
22825,1577
141,1577
1927,1614
87827,1614
142,1614
4584,1614
1714,1650
6963,1704
565,1704
44896,1704
22,1704
57201,1704
285,1704
6283,1704
58,1704
6073,1704
100241,1707
43930,1707
70074,1723
9333,1723
11474,1723
9604,1723
150,1723
9876,1724
8452,1724
714,1724
6951,1724
11667,1726
15121,1744
1725,1744
152,1744
828,1744
172,1748
12154,1749
168,1749
157,1749
96936,1769
39210,1769
1887,1769
1443,1769
153,1769
240,1776
7095,1776
238,1776
242,1776
227,1776
11975,1776
28,1776
592,1776
6114,1776
154,1788
174,1788
2103,1884
1900,1884
462,1884
163,1884
39538,1884
1389,1884
298,1884
161,1884
11323,1884
8881,1884
77930,1884
70435,1884
109421,1884
6471,1895
38050,1921
164,1927
936,1927
10428,1978
167,1978
2309,1978
9913,1978
170,2034
1907,2034
44115,2034
68727,2034
627,2034
12405,2034
1683,2042
10586,2042
2157,2042
10160,2042
169,2042
12149,2053
9610,2087
11165,2087
9626,2087
12101,2087
11835,2127
176,2127
49018,2127
91586,2127
138843,2127
14001,2127
203834,2150
22804,2150
6023,2163
2266,2163
1646,2163
109491,2163
13401,2171
6435,2171
87818,2171
264656,2176
169917,2199
8270,2199
1996,2209
11618,2209
1639,2209
664,2209
1637,2209
77887,2216
9576,2226
37233,2226
11963,2226
606,2226
179,2226
5915,2228
409,2239
2289,2239
1213,2239
12572,2245
13455,2291
186,2291
8285,2293
187,2293
189,2293
23631,2294
56288,2294
10054,2294
14199,2294
1992,2294
5,2294
755,2294
8068,2294
187,2294
9276,2294
1428,2294
12279,2294
9488,2294
9367,2294
189,2294
106747,2294
655,2303
978,2352
192,2352
853,2352
193,2380
199,2388
200,2388
406,2406
9381,2406
4970,2406
892,2419
8078,2419
157841,2419
10590,2460
9313,2460
236751,2460
615,2461
197,2461
1579,2461
11808,2523
2320,2523
201,2523
205,2589
284296,2632
574,2636
571,2636
539,2636
381,2636
260,2636
521,2636
426,2636
567,2636
213,2636
223,2636
303,2636
845,2636
1580,2636
1585,2662
212,2662
3078,2662
214,2675
215,2675
663,2675
11917,2679
8619,2690
207,2690
37165,2690
9281,2690
49009,2690
19995,2710
2756,2710
679,2710
280,2710
597,2710
218,2710
36955,2710
654,2746
221,2765
624,2778
133805,2836
226,2836
59468,2880
231,2945
235,3026
7350,3026
253235,3026
2800,3026
2493,3026
1700,3026
639,3026
11031,3026
43949,3026
9087,3026
881,3026
3432,3028
8874,3045
20048,3045
10601,3045
51999,3055
209276,3055
19918,3055
5,3110
5,3111
437,3115
996,3146
599,3146
6620,3146
239,3146
284,3146
205220,3224
1165,3224
243,3224
859,3224
243938,3227
9788,3227
222899,3227
23048,3227
244,3238
244,3239
245,3288
18239,3288
2105,3288
2268,3288
39451,3289
144340,3289
245,3289
2105,3289
1901,3289
24418,3289
7211,3290
71864,3290
13971,3310
2539,3388
2898,3388
42888,3388
813,3415
8764,3415
9896,3415
6520,3415
251,3415
45094,3417
252,3451
2787,3506
805,3556
829,3556
423,3556
257,3556
622,3556
11439,3556
72113,3556
36648,3893
13788,3893
64635,3950
834,3950
1571,3950
277,3950
12437,3964
1850,3974
279,3974
510,3974
1630,3974
52451,4014
76649,4014
10483,4014
1576,4014
395,4014
8413,4014
9425,4014
9312,4014
71679,4014
35791,4014
497,4027
278,4027
5876,4027
10158,4037
288,4065
289,4109
87496,4135
4958,4135
547,4135
293,4135
11450,4135
4515,4135
311,4385
422,4415
4816,4429
308,4429
883,4429
152603,4429
922,4429
121826,4483
9273,4489
11676,4489
9907,4489
2698,4499
9327,4499
10312,4499
1624,4499
310,4499
3049,4499
314,4586
928,4600
45650,4600
927,4600
11551,4600
2614,4600
11974,4600
10715,4600
9872,4600
8469,4610
9602,4610
814,4610
8388,4610
1621,4610
306,4610
525,4610
50204,4610
9476,4723
109410,4723
2112,4723
87825,4746
9759,4755
19912,4755
326,4755
9358,4755
332,4759
7345,4762
4995,4762
8051,4762
334,4762
171274,4762
68722,4762
338,4780
783,4786
10435,4786
5902,4786
2023,4945
1771,4945
8844,4945
331,4945
7978,4945
13466,4945
9354,4945
10249,4945
11906,4955
746,4956
1278,4956
343,4964
1440,5010
11645,5026
10925,5045
5491,5058
14306,5065
82696,5065
350,5065
73937,5065
12572,5125
4234,5140
4233,5140
4232,5140
377,5140
11596,5140
41446,5140
2266,5140
11460,5140
41154,5174
2758,5174
607,5174
2907,5174
8487,5174
8012,5174
608,5174
9530,5174
2266,5216
133694,5216
711,5216
1807,5216
489,5216
10139,5216
11864,5231
9772,5231
387,5231
652,5231
9386,5231
6950,5231
2133,5231
503,5231
925,5281
1883,5281
388,5281
1429,5281
87516,5281
81025,5306
228194,5306
112949,5306
1587,5306
1715,5306
22971,5306
392,5306
9681,5306
28178,5306
2288,5342
37247,5342
3525,5342
11000,5342
10395,5342
6538,5342
398,5345
87492,5345
60308,5345
231576,5367
401,5367
290542,5369
408,5446
3170,5446
9437,5501
204082,5501
11329,5501
12103,5501
808,5524
411,5524
809,5524
2454,5524
3132,5572
9833,5572
1547,5572
1551,5572
8224,5572
1817,5572
415,5572
70578,5572
37094,5572
3594,5572
414,5572
10731,5572
1645,5572
137321,5575
1923,5602
985,5602
483,5602
638,5602
793,5602
841,5602
1955,5602
404,5602
1018,5602
83666,5655
421,5655
10315,5655
9428,5655
120467,5655
6418,5655
11545,5655
13685,5655
4538,5655
10707,5656
121986,5656
756,5690
3170,5690
49948,5690
3170,5691
756,5691
10398,5696
403,5696
425,5713
9928,5713
950,5714
46195,5714
8355,5714
9928,5714
425,5714
172385,5714
433,5834
12335,5834
12572,5872
431,5877
37707,5877
2266,5877
10133,5877
166271,5877
438,5917
492,5953
16523,5953
152601,5953
2757,5953
8461,6011
440,6037
42684,6037
440,6038
42684,6038
9349,6046
2164,6046
602,6046
929,6046
117251,6046
2024,6046
14161,6046
61891,6046
7840,6046
435,6046
13291,6047
451,6111
8871,6159
2619,6159
847,6159
10328,6159
2924,6159
568,6159
3595,6159
11499,6159
13448,6159
591,6159
921,6159
453,6159
44564,6159
96721,6159
11259,6159
454,6201
64682,6201
6972,6201
824,6201
2266,6220
455,6220
12689,6220
891,6349
4477,6349
9944,6349
76544,6384
1381,6431
86834,6431
44214,6431
12163,6431
641,6431
475,6448
8592,6449
59965,6482
8292,6482
584,6482
479,6482
650,6482
12572,6495
12405,6508
15739,6593
3090,6593
963,6593
488,6593
797,6648
12102,6729
150117,6733
816,6737
817,6737
1597,6737
77953,6737
693,6737
818,6737
38778,6737
13007,6767
18480,6767
496,6767
76493,6767
9952,6818
11699,6818
504,6884
38357,7017
1537,7017
509,7017
122906,7018
508,7018
18947,7018
13932,7087
10386,7087
9806,7087
2062,7087
56292,7087
13595,7145
1257,7145
2752,7145
9292,7145
2640,7145
9691,7187
9340,7187
8834,7187
794,7187
526,7187
9562,7187
942,7187
943,7187
9647,7187
1924,7187
9359,7187
941,7187
944,7187
2207,7187
19959,7213
296,7213
3536,7213
9433,7256
11679,7256
2043,7256
1738,7256
62630,7256
36669,7256
4478,7270
2291,7270
535,7270
2251,7270
10998,7270
11451,7312
533,7313
532,7314
7443,7314
531,7314
530,7314
533,7314
11431,7395
8467,7395
11543,7395
9038,7395
9889,7395
12610,7395
48988,7395
76489,7395
100042,7395
2123,7395
1792,7395
544,7395
11543,7396
12610,7396
8467,7396
87818,7396
544,7396
1792,7396
76489,7396
2123,7396
48988,7396
9038,7396
9889,7396
100042,7396
11431,7396
116745,7399
7446,7399
9398,7399
9894,7399
2770,7409
4547,7467
8077,7467
807,7467
550,7467
2649,7467
1949,7467
37799,7467
65754,7467
4922,7467
210577,7467
551,7501
16871,7623
559,7623
558,7623
68728,7623
2046,7623
764,7623
766,7623
12106,7623
765,7623
9556,7623
557,7623
10304,7727
576,7767
1734,7775
564,7775
7131,7775
14869,7775
179826,7775
240916,7791
10215,7791
9486,7791
9989,7791
4858,7832
118289,7832
73499,7865
49013,7879
9487,7879
863,7879
862,7879
920,7879
7484,7881
13930,7883
11353,7908
11639,7908
10276,7908
10776,7908
2196,7908
9890,7908
11371,7908
920,7911
13413,7929
213121,7929
13929,7930
13042,8010
140420,8020
73723,8023
175574,8029
20533,8029
12222,8029
37710,8193
3172,8246
123105,8246
801,8246
819,8246
8984,8246
380,8246
586,8246
10153,8246
588,8296
11362,8300
8367,8300
9804,8300
9044,8300
1880,8328
9387,8328
141043,8392
595,8482
3114,8500
11697,8500
995,8500
8338,8557
1985,8557
83770,8574
9009,8574
2266,8574
961,8635
6844,8636
60747,8684
72710,8685
9296,8685
1830,8685
782,8685
49530,8685
112336,8686
619,8843
10357,8843
12160,8844
6171,8844
2978,8858
620,8858
6280,8858
11566,8858
4474,8858
9397,8858
9493,8858
41630,8858
200505,8858
951,8858
10890,8858
6068,8858
10122,8876
11158,8876
621,8876
5689,8876
623,8929
11416,8965
23514,8966
1452,9032
81005,9032
127585,9032
36657,9032
36658,9032
2253,9032
629,9032
75780,9033
630,9049
770,9049
630,9054
653,9076
1687,9108
634,9158
12104,9168
11327,9168
635,9168
11615,9168
1632,9168
4476,9181
9882,9181
9665,9181
10684,9181
616,9181
1372,9181
13813,9181
43347,9181
12159,9198
617,9200
9489,9248
858,9248
24803,9248
9722,9248
87818,9281
605,9339
603,9339
9303,9339
7459,9339
83542,9339
76757,9339
604,9339
76757,9340
83542,9340
9303,9340
603,9340
604,9340
7459,9340
605,9340
139567,9556
9277,9577
642,9577
88751,9622
41515,9622
647,9660
647,9661
5279,9789
651,9789
660,9855
646,9855
657,9855
668,9868
9289,9894
682,9915
681,9915
253,9915
658,9915
804,10001
665,10001
609,10051
30497,10051
667,10076
698,10076
691,10076
86825,10099
709,10179
708,10179
699,10179
700,10179
707,10179
9768,10367
8669,10395
9383,10491
563,10491
861,10491
5548,10491
10802,10491
402,10491
961,10517
9531,10586
8536,10586
705,10601
44912,10702
11678,10702
12201,10702
36557,10702
9342,10702
710,10702
1656,10702
762,10707
583,10707
4543,10707
9543,10723
674,10723
9366,10723
11820,10723
712,10723
713,10757
8814,10765
2085,10765
10623,10765
82684,10781
10140,10781
36643,10781
1957,10781
770,10790
8698,10808
36647,10808
4961,10828
11253,10828
1487,10828
68726,10828
36586,10828
71469,10855
3112,10921
36670,10930
5549,10930
1891,10930
6479,10943
561,10943
55787,10943
131631,10943
101299,10943
2277,10965
672,10965
9441,10965
772,10965
771,10965
788,10965
1833,10965
19840,10965
671,10965
32657,10965
23202,11012
747,11090
107985,11090
4638,11090
22538,11090
59108,11091
87818,11091
36668,11091
12572,11091
5175,11091
2109,11091
184315,11091
5994,11091
10589,11091
5174,11091
9533,11091
8470,11151
11036,11151
10024,11151
193610,11151
7457,11151
10195,11181
11971,11181
3036,11181
137094,11181
150689,11181
673,11218
2266,11218
49047,11218
9693,11218
1391,11218
22832,11266
70436,11266
4858,11266
752,11266
12445,11343
767,11343
675,11343
12444,11343
9620,11401
12100,11401
955,11401
2019,11401
9208,11401
754,11401
11360,11426
756,11426
10895,11426
756,11427
3170,11427
756,11428
3170,11428
11224,11429
756,11429
10895,11429
10340,11429
12092,11429
756,11430
756,11431
756,11432
11224,11434
756,11434
10340,11434
10693,11434
12092,11434
301,11435
900,11435
910,11435
20504,11447
9516,11447
768,11447
98357,11448
20504,11448
12572,11448
9516,11448
768,11448
1642,11472
11814,11505
15144,11505
2108,11505
2616,11505
9377,11505
2609,11505
745,11614
9697,11614
6947,11614
2675,11614
10196,11614
9741,11614
8645,11614
82700,11614
9390,11649
2028,11649
74465,11649
1903,11649
9621,11649
786,11649
2637,11676
38363,11694
137113,11694
2501,11694
10218,11694
8247,11694
787,11694
227306,11701
948,11770
9663,11770
6978,11770
9945,11770
8769,11770
2654,11770
10061,11770
1103,11770
8337,11770
790,11770
10016,11770
45657,11770
2670,11777
10307,11809
11812,11873
796,11873
10033,11873
795,11887
8839,11887
18162,11887
11774,11887
13051,12028
11866,12028
8007,12028
806,12028
47964,12028
10555,12058
808,12058
9023,12079
809,12079
45772,12079
80321,12080
15512,12080
809,12080
109451,12095
810,12098
58423,12098
810,12099
11778,12114
947,12238
907,12238
826,12238
844,12453
11104,12453
1989,12453
9947,12523
846,12523
6278,12523
8836,12524
2176,12632
11548,12677
850,12698
19899,12708
127493,12786
27582,12786
76163,12786
1995,12786
1701,12786
2275,12786
10053,12786
265208,12786
916,12804
49948,12824
11009,12840
860,12840
2086,12840
2605,12840
1727,12840
97,12859
9444,12881
7450,12881
11497,12881
14160,12890
585,12890
24428,12891
16320,12891
91739,12891
9408,12905
9942,12920
813,12936
8764,12936
9595,12936
9255,12936
9294,12962
864,12962
6637,12962
27022,12962
137093,12962
2064,12962
2059,12962
4244,12962
10136,12964
9749,12964
37137,12987
37136,12987
8764,12987
2830,12987
4256,12987
4257,12987
813,12987
865,12988
8326,12989
8845,12989
1965,12989
5503,12989
12123,12989
4643,12989
9884,12989
866,12995
8066,12995
7979,12995
10764,12995
1365,12995
1262,12995
72190,12995
45610,12995
27576,13015
9331,13015
9481,13015
10003,13015
9869,13015
227156,13015
5125,13079
2080,13079
129670,13235
2755,13235
2266,13235
65057,13235
9675,13235
9451,13235
871,13265
11202,13265
5924,13265
4808,13284
872,13284
872,13294
9506,13426
36593,13426
12107,13426
9291,13426
1824,13426
11381,13426
64807,13426
11665,13426
36685,13484
13785,13524
10400,13563
11888,13581
11806,13581
888,13581
23172,13581
9279,13581
11637,13581
888,13594
15037,13614
15037,13615
888,13620
892,13680
8195,13776
2155,13776
914,13848
962,13848
901,13848
10098,13848
3082,13848
903,13859
9920,13927
7299,13927
8780,14172
97630,14392
281,14392
8665,14392
12162,14392
1089,14392
44945,14409
966,14520
5925,14520
10911,14566
34647,14597
12110,14639
957,14639
11072,14639
3034,14639
8005,14639
10156,14639
770,14674
11113,14674
630,14674
12139,14692
11884,14692
10734,14773
11549,14773
984,14773
11005,14911
11287,14911
2280,14911
10331,14999
923,14999
11683,14999
7552,15002
926,15002
146216,15002
9021,15045
23023,15045
13767,15045
10222,15111
97614,15115
1844,15148
9341,15148
73567,15175
9552,15175
1051,15175
41216,15217
13183,15217
924,15217
23629,15217
1271,15217
49521,15217
87818,15218
45132,15218
118340,15218
9035,15218
1726,15277
10138,15277
6795,15277
212778,15277
10719,15277
49849,15277
228203,15287
11096,15337
54138,15344
37686,15344
13475,15344
956,15344
98548,15345
218043,15358
1090,15361
1092,15378
12572,15435
162903,15557
50620,15557
50619,15557
1125,15557
580,15663
37135,15774
326359,15774
9408,15774
109445,15774
37135,15775
4523,15775
15789,15775
10481,15775
13205,15778
812,15810
10144,15810
9016,15810
10198,15810
11970,15810
9994,15810
10144,15811
11970,15811
10198,15811
9016,15811
812,15811
9994,15811
8587,15812
7484,15812
3293,15872
9504,15890
7183,15890
579,16187
14462,16294
274,16294
9800,16294
8390,16328
1268,16356
1359,16378
123,16384
1360,16391
4688,16391
7555,16483
27578,16483
1371,16483
1374,16483
1246,16483
1367,16483
1366,16513
10495,16513
8856,16513
1885,16513
1375,16513
8491,16544
1368,16544
1369,16566
11969,16566
9874,16566
1370,16589
9594,16590
3635,16785
1248,16785
127372,16785
152259,16829
23169,16834
9480,16837
1250,16837
13477,16837
77663,16837
1267,16842
1690,16847
11547,16847
1691,16847
1696,16848
24150,16848
2082,16848
2662,16848
104755,16848
10950,16853
215211,16919
2266,16927
9350,16938
8914,16938
10131,16938
1573,16938
10477,16938
11412,16938
16617,16938
188207,16938
17134,16938
9954,16938
773,16959
103332,16959
773,16960
103332,16960
102780,17016
628,17016
4413,17016
10096,17046
10521,17046
9986,17046
37056,17046
1430,17087
1777,17087
2359,17087
27573,17167
1439,17167
11529,17167
8676,17167
8488,17167
11932,17268
6466,17268
3604,17281
1491,17329
51876,17329
157350,17329
90125,17350
16995,17350
246080,17350
1523,17350
49494,17350
162215,17350
1542,17403
7512,17403
3179,17403
12569,17403
55347,17439
10147,17447
1548,17447
11078,17494
10661,17494
9032,17494
9957,17494
109418,17494
71880,17494
50546,17494
9614,17494
38365,17494
3563,17494
1562,17597
63207,17597
204922,17608
224141,17633
1574,17633
1904,17633
10197,17633
1865,17633
1577,17649
9820,17698
22897,17698
1581,17698
6964,17698
3981,17698
1592,17812
10592,17812
6145,17812
8090,17812
10559,17812
9411,17812
12096,17825
18360,17825
181533,17825
11870,17825
1593,17825
39254,17825
35056,17825
116741,17825
239678,17825
12090,17825
11007,17825
23082,17835
2056,17867
55725,17867
238215,17867
5966,17871
16538,17871
6415,17883
1599,17883
82693,17883
168672,17883
45317,17883
244566,17884
87436,18184
1620,18184
38541,18184
3489,18250
13389,18250
1633,18250
9588,18254
1634,18254
10025,18281
9919,18281
11520,18281
1493,18281
1498,18308
9612,18308
11467,18311
13673,18311
24438,18323
11172,18323
2642,18323
12508,18356
1648,18356
10057,18356
10414,18356
11674,18356
1649,18357
8920,18357
1788,18378
1654,18392
9766,18500
1677,18596
11983,18596
1813,18596
119283,18596
2623,18596
4929,18635
1685,18635
10911,18669
1688,18669
1705,18669
268238,18844
74534,18844
48289,18844
1934,18844
8916,18863
10527,18863
953,18863
270946,18863
80321,18863
953,18864
38055,18864
10527,18864
80321,18864
75656,18865
18823,18865
10027,18865
4108,18865
1724,18865
9335,18865
1725,18868
94348,18878
9799,18878
10048,18878
1735,18878
11228,18878
8840,18878
7451,18878
11478,18878
241251,18878
10366,18889
98567,18897
8587,18898
1729,18898
10137,18898
82703,18898
62046,18898
10996,18898
10756,18898
7304,19000
1781,19012
11966,19142
157825,19224
11171,19224
18736,19228
4566,19242
49040,19242
16558,19242
100402,19271
1819,19271
100402,19272
1819,19272
228967,19274
109414,19274
10358,19303
48572,19303
23742,19303
2292,19303
2295,19303
1832,19303
2293,19303
2255,19303
2294,19303
9541,19303
246403,19303
3116,19304
84892,19311
102362,19346
1273,19499
10669,19665
11527,19665
160139,19684
144336,19769
228150,19769
1266,19769
77016,19769
7873,19769
1892,19800
26428,19840
1933,19840
49730,19850
11023,19850
8966,19850
9787,19850
190955,19866
1921,19969
132363,20019
82390,20019
25793,20019
36970,20030
23437,20031
41436,20133
15092,20192
1948,20192
18501,20192
71676,20192
1948,20193
18501,20193
15092,20193
71676,20193
1954,20218
1954,20219
9801,20237
1969,20307
70667,20307
1969,20308
70667,20308
82657,20310
1970,20310
1975,20310
67660,20400
168530,20400
184098,20400
11045,20400
9738,20400
2001,20561
152599,20561
9447,20629
9355,20629
6069,20629
65759,20629
9836,20629
9659,20629
77875,20646
1402,20646
11321,20646
2011,20659
244458,20659
2011,20709
10678,20739
2018,20739
80585,20739
10229,20739
2976,20739
10202,20739
9641,20739
10022,20739
7485,20907
2034,20907
117263,20907
9567,20907
156022,20907
26390,20907
9477,20907
2044,21031
10220,21053
10866,21053
13811,21085
9495,21085
2666,21085
2266,21126
2057,21136
77987,21183
64690,21183
37861,21183
18533,21183
24480,21198
189197,21206
15196,21217
10377,21217
2069,21217
44147,21217
8848,21370
7520,21370
9619,21370
1647,21370
74998,21370
11973,21370
254904,21370
9348,21370
26123,21475
2100,21526
2335,21647
2110,21647
2332,21647
2334,21647
11652,21673
10748,21677
2266,21678
246860,21678
2266,21681
2266,21683
110415,21684
2114,21692
2114,21693
2116,21712
189197,21712
2266,21768
2266,21769
2266,21771
10303,21819
39312,21863
2134,21869
50321,21879
2135,21879
10380,21879
9837,21879
21032,21879
13184,21905
9966,21905
2140,21931
15159,21981
10923,21981
123553,21981
38575,21981
10222,22012
180296,22214
15373,22214
50647,22214
2171,22214
2179,22301
77883,22676
8838,23213
210479,23227
136418,23227
46503,23287
11892,23393
72331,23430
8909,23430
209403,23532
2284,23539
340,23626
2300,23677
2312,23799
184125,23799
2330,23945
2657,23964
10199,23964
70160,23964
4464,23964
152790,23968
2323,23968
4614,23968
2322,23968
138697,24045
2355,24173
8976,24248
2313,24294
14181,24294
10466,24318
4141,24949
2486,25453
11114,25558
9829,25598
2502,25598
109424,25598
2503,25598
22972,25598
157360,25703
13989,25873
14359,26095
64328,26205
145220,26205
121824,26473
11069,26479
25195,26481
13596,26502
2122,26502
10393,26502
11522,26502
2636,26648
9360,26648
9334,26713
9268,26713
10072,26713
854,26713
14620,26714
250546,26714
9823,26714
2667,26849
2667,26850
159117,26850
10320,26875
8277,26971
10501,27005
47327,27226
14435,27226
2652,27571
4513,27571
24021,27571
2661,27728
13001,27745
2665,27746
159117,27757
103328,27977
1694,27991
2789,28239
12403,28239
87421,28239
2787,28239
55931,28249
11979,28741
9314,28898
9336,28904
11622,28904
11187,28976
2959,29009
10184,29009
78698,29009
9779,29009
18240,29214
9762,29214
6557,29214
2977,29226
2900,29524
3021,29605
8999,29605
107846,29605
48171,29605
13207,29922
9373,29922
37430,29922
1534,29922
630,29962
3093,30365
4824,30365
84199,30368
8967,30715
60281,30715
11400,30715
3133,30715
8741,30715
3050,31024
23398,31024
10468,31024
9293,31024
8427,31024
9966,31033
13184,31033
11165,31074
34813,31119
9003,31211
10313,31511
12225,32250
9086,32277
3512,32277
7191,32278
41402,32278
119450,32278
49013,32532
10762,32593
2022,32593
9678,32593
8457,32593
87818,32593
187596,32593
87436,32799
70868,32983
16577,33183
82650,33183
11619,33183
60307,33183
3597,33254
9763,33279
9482,33279
3600,33279
11823,33315
9754,33315
189197,33316
11281,33341
94363,33349
77877,33433
3638,33433
9822,33485
9362,33485
1406,33485
11358,34453
15969,34480
48838,34510
3989,34517
9473,34517
4032,34611
4104,34682
9320,34682
5825,34682
4133,34849
3933,34891
14919,34934
14919,35270
9289,35318
9053,35452
4108,35452
266396,35453
26389,35453
8681,35453
4488,35475
4248,35689
4247,35689
12153,35689
9072,35689
13805,35694
7278,35694
225703,35694
40264,35694
9760,35694
225703,35734
13805,35734
7278,35734
40264,35734
9760,35734
26022,35736
11918,35796
9471,36425
534,36425
59962,36425
192102,36425
4327,36425
11170,36425
50456,36588
17332,36588
4347,36588
4348,36588
96724,36588
4349,36602
10159,36602
13416,36602
193756,36602
44833,36602
8960,36602
1259,36693
1265,36697
115348,36797
20943,36797
8065,36797
8835,36797
4379,36797
37821,36797
9778,36804
254375,36804
18126,36804
4380,36804
17529,37360
64689,37618
4512,37618
4518,37630
4517,37630
12572,37630
8831,37710
4437,37710
9946,37710
9631,37932
9654,37932
8409,37932
4551,37932
22803,37932
10634,37932
4553,37948
207933,37948
43552,37948
158011,37948
37786,38023
4564,38023
9972,38689
44244,38692
10536,39779
7303,39819
9040,39996
10774,39996
968,39996
7972,39996
389,39996
75174,40223
227300,40223
7516,40223
34544,40223
10538,40230
4951,40243
11469,40243
46529,40256
8271,40256
13027,40256
11081,40256
112200,40277
9667,40307
12144,40345
9444,40345
4978,40345
11497,40345
7450,40345
255343,40541
245891,40644
245891,40684
172533,40863
84348,40863
4964,41039
6957,41039
20829,41039
89492,41039
26466,41041
41215,41041
5123,41285
5137,41378
242042,41549
9100,41549
9879,41550
34851,41671
10294,41671
4597,41671
12118,41720
10157,41720
37725,42274
5289,42712
42297,42745
5375,42994
9522,42994
205587,42994
49520,42994
6038,42994
7461,43141
49049,43141
5550,44056
9837,44113
5559,44113
5559,44114
270946,44114
9042,44179
192134,44740
189197,44797
14534,44847
5708,45052
157849,45052
27579,45052
198277,45117
5723,45117
82532,45405
82532,45407
55420,45459
244267,45459
8689,45572
10185,45996
123109,45996
5851,46076
6877,46076
8584,46076
54318,46297
11128,46297
76338,47005
152737,47333
44129,47333
9794,47364
22970,47506
5820,47640
9257,47640
44982,47786
111190,48583
6282,48980
10628,48980
9513,49903
50359,49903
6477,49903
18937,50582
6552,50719
6552,50725
198185,50767
58151,50767
6615,50767
134597,51023
21407,51023
109513,51298
6933,51445
6961,51600
150202,51795
225886,51851
52449,51851
9344,51917
122081,51918
14128,51959
10647,51984
6623,51984
8656,51984
14979,51984
83686,51996
9816,52038
7214,52038
232679,52038
6519,52049
9988,52049
39939,52049
10808,52112
14560,52112
10708,52112
87818,52112
107811,52114
72105,52139
188161,52139
58244,52244
72387,52358
14926,52358
10637,52358
239571,52405
97434,52405
130150,52443
22947,52443
57157,52443
9388,52443
243684,52443
7326,52443
46838,52479
97020,52576
87567,52599
29427,52609
7364,52609
7442,52629
10145,52629
9272,52629
11517,52629
7484,52691
170687,52691
38167,52779
113833,52779
257091,52803
7453,52842
7518,52845
8916,52870
14411,52870
228161,52870
7518,52870
195589,52934
9870,52934
72207,52934
32823,52934
7553,52941
7737,52968
8010,52968
8009,52968
7859,53068
43923,53068
43923,53069
238636,53120
158015,53120
72358,53177
9757,53177
11260,53177
13253,53216
7249,53216
68817,53267
7874,53267
123678,53296
7443,53304
72197,53304
16608,53333
20766,53333
82633,53333
69668,53334
7445,53334
10161,53334
10060,53334
7984,53334
7985,53525
9353,53925
8193,53925
17336,53935
169209,53935
19994,54025
8202,54025
22881,54040
140823,54040
9007,54050
8204,54050
10625,54050
10330,54050
12556,54050
203739,54050
58224,54050
227348,54248
1245,54441
11046,54451
8321,54472
86838,54472
8328,54507
54518,54507
72559,54507
41233,54507
10664,54525
8329,54525
8329,54526
10664,54526
19898,54559
28355,54559
8386,54584
9981,54584
8273,54584
8274,54590
8275,54597
10760,54597
8346,54644
16991,54710
8363,54733
16614,54733
39513,54733
228967,54734
109414,54734
22821,54795
8374,54795
8398,54827
43549,54869
10603,54967
8456,55075
59859,55075
58496,55251
10200,55499
184346,55499
8643,55499
82507,55499
34769,55587
8393,55668
9718,55710
12133,55710
8699,55710
109443,55710
27581,55710
12572,55785
50014,55789
239566,55789
13531,55790
246741,55934
246741,55936
13597,55983
11639,55983
11212,56059
11846,56106
11862,56106
8849,56106
49948,56146
15789,56147
49948,56147
8869,56150
14207,56151
8870,56154
8873,56155
53487,56194
152795,56198
244761,56205
152792,56205
28211,56205
8913,56263
55931,56339
55931,56340
55931,56341
55931,56342
11351,56349
8922,56349
13056,56359
8827,56401
8952,56411
256591,56411
50646,56411
50646,56412
8952,56412
256591,56412
8975,56453
206487,56501
19901,56501
206487,56502
19901,56502
8843,56512
62764,56512
14784,56512
37958,56512
209263,56539
9012,56578
208134,56578
12094,56578
65851,56578
16290,56578
11282,56591
8859,56591
9023,56660
40807,56661
82654,56661
9022,56661
23488,56710
10748,56710
58233,56710
93837,56717
9029,56717
9030,56735
9030,56736
9037,56755
9043,56789
59860,56789
11967,56828
8965,56850
8965,56851
8965,56852
15969,56852
11238,56852
11284,56891
10510,56911
9574,56911
10406,56911
11001,56911
192149,56960
11237,56998
42194,56998
38199,57030
256474,57082
11968,57082
9266,57082
242582,57113
9282,57125
109439,57130
45243,57130
41733,57130
18785,57130
11635,57130
9285,57130
9384,57130
14164,57134
10796,57134
9532,57134
9286,57134
9664,57138
9289,57142
13600,57193
9297,57193
63492,57199
9298,57199
16353,57207
9316,57214
39514,57270
24420,57270
262500,57270
9315,57270
49524,57270
16353,57274
11319,57314
9325,57314
11886,57314
10112,57314
9078,57314
87826,57370
10663,57370
11003,57370
232672,57370
38317,57370
10204,57370
9339,57370
9346,57383
9352,57405
156711,57408
9355,57433
9494,57434
9356,57434
9603,57434
11418,57434
13342,57434
42188,57446
9357,57446
164558,57492
9372,57492
9378,57521
9645,57521
11880,57581
23759,57581
13460,57581
9392,57581
9396,57594
11397,57604
9427,57630
138832,57633
9472,57633
14836,57646
10539,57646
9479,57646
11017,57691
9490,57691
9461,57727
9502,57741
9502,57742
9529,57851
10032,57962
10040,58072
11395,58072
9587,58094
9598,58137
10833,58178
13804,58189
82992,58189
51497,58189
9615,58189
9443,58220
75761,58245
9707,58245
9434,58294
9429,58316
8978,58324
88042,58375
38303,58375
13836,58375
13680,58375
9655,58375
8872,58448
9671,58453
9679,58498
10909,58498
23047,58498
22787,58498
9705,58498
16996,58552
37950,58552
45156,58573
11132,58628
9703,58656
9708,58689
34803,58689
13279,58689
9825,58712
9728,58712
9725,58712
11675,58712
10326,58712
9618,58728
9618,58729
9732,58829
18269,58829
12242,58829
18269,58830
9739,58838
10152,58868
9745,58868
77174,58897
11619,58897
10199,58897
9767,59026
1588,59026
10201,59026
252838,59027
48340,59126
9792,59291
13515,59291
149509,59291
43593,59291
193612,59328
40619,59357
87818,59410
9750,59413
48138,59521
225574,59521
21208,59521
241554,59521
10066,59521
9539,59611
86597,59611
9824,59646
1497,59649
9837,59803
62177,59803
9877,59958
9886,59997
9885,59998
9900,60149
9904,60207
12589,60237
9906,60237
9902,60243
9909,60295
115283,60707
10898,60725
41210,60922
9955,60922
9955,60923
41210,60923
13161,60949
22327,61069
218778,61069
9963,61087
11565,61175
38322,61175
13690,61290
9978,61357
11804,61357
10982,61371
10982,61372
10982,61373
11688,61411
9982,61411
9994,61677
9994,61678
23631,61847
146227,61921
11849,61921
10009,61949
10009,61952
12819,61970
10010,61970
10014,62020
10545,62047
13394,62047
10865,62047
10020,62047
10545,62048
10020,62048
10865,62048
10028,62116
244688,62157
22824,62369
14442,62514
25643,62541
10065,62721
76487,62768
71668,62797
80035,62854
10074,62854
37931,62863
18781,63303
13510,63306
65086,63306
10225,63550
11137,63713
200727,63820
11074,63943
10135,63943
76494,64045
26171,64045
11283,64045
87436,64108
115782,64139
10189,64141
38319,64141
57431,64141
113148,64141
157847,64141
11459,64151
10402,64151
55301,64151
10192,64151
10199,64152
10992,64191
10214,64191
209274,64194
9730,64195
71157,64210
103620,64211
11411,64508
10222,64681
11797,64796
10314,64815
10323,64823
10693,64864
10882,64864
10340,64864
11224,64864
12092,64864
11824,64877
10345,64877
12536,64877
10610,64901
10380,64949
164457,65167
25196,65167
10431,65190
10947,65310
13649,65310
11887,65310
10439,65310
10867,65314
10474,65390
245700,65452
10529,65525
10530,65530
11135,65530
10530,65531
49948,65531
67913,65594
157832,65594
10555,65629
10501,65629
38745,65630
15512,65630
10555,65630
11249,65677
11186,65678
10587,65688
13260,65702
11090,65734
193893,65734
10591,65734
10567,65855
10567,65856
266285,65879
10775,65994
15157,66039
10665,66074
41283,66121
11978,66121
62320,66150
10674,66190
10674,66191
51052,66191
11544,66193
49519,66193
10191,66193
10679,66212
10488,66218
10488,66219
10649,66222
10651,66226
11852,66512
10761,66548
12620,66563
10771,66654
84348,66681
79316,66681
10775,66718
97370,66728
10740,66728
98566,66739
57165,66739
10781,66739
44943,66739
10956,66960
10735,66960
10823,66987
10837,67056
21755,67367
59967,67367
9270,67367
10946,67589
10946,67590
10957,67604
10948,67604
10948,67607
11319,67607
74643,67717
10999,67753
11006,67767
11013,67795
77866,67813
136400,67813
11099,68020
11152,68352
11165,68412
58547,68432
11176,68457
11452,68573
22949,68573
11199,68573
11247,68770
71552,68843
13335,68843
13335,68844
71552,68844
11319,69003
60935,69339
152532,69371
228970,69371
18320,69371
13761,69416
11430,69416
11453,69498
11455,69500
11470,69579
32985,69593
61012,69593
22798,69597
11497,69605
11528,69741
10191,69797
11544,69797
82702,69797
185567,69987
269650,70100
177572,70238
13053,70238
11690,70250
13700,70287
11708,70308
45269,70500
82695,70500
11798,70520
11817,70573
11836,70651
11649,70737
11638,70777
44363,70890
71688,71068
11631,71068
24469,71082
49519,71267
212716,71280
50725,71280
74387,71280
12138,71418
12177,71527
12180,71538
12182,71548
88005,71551
12184,71570
192136,71570
51540,71600
109431,71600
12193,71600
12222,71729
57800,71729
12233,71792
318224,71797
12242,71849
64720,71872
103731,71872
12244,71923
241771,71947
4258,72024
146304,72024
12435,72205
12435,72206
245775,72327
49527,72344
76025,72757
10360,72757
16119,73161
12783,73460
15060,74052
12889,74052
44639,74058
13018,74101
13090,74152
13092,74159
13016,74257
49948,74297
11135,74297
49948,74298
49948,74299
49517,74396
13483,74569
87428,74619
13523,74619
227159,74619
13532,74623
188166,74655
45162,74863
77948,74924
13690,74948
82675,75035
260346,75035
13387,75035
62835,75035
39781,75699
87436,76171
10327,76247
228968,76325
1499,76418
13012,76422
134411,76422
13363,76462
38757,76595
13053,76595
145197,76624
14337,76624
60304,76927
85889,76965
14048,76998
266856,76998
59440,77003
13150,77003
50357,77123
215830,77123
13812,77147
256274,77147
13944,77162
146223,77269
12572,77301
61791,77357
284536,77357
16186,77441
13417,77488
13156,77919
205596,77965
38234,78108
23706,78562
53182,78914
84188,79434
20856,79656
16307,80261
16781,80602
13700,80671
75258,80672
14175,80691
41505,80923
52520,80923
41505,80924
52520,80924
14254,81201
87436,81251
87436,81328
250538,81437
68812,81476
241254,81613
177699,81809
17431,81850
45612,81850
60599,81856
198184,82194
17654,82194
68724,82194
242090,82226
284293,82335
284293,82337
262338,82351
72784,82418
50544,82511
17927,82511
37735,82511
196867,82511
87436,82566
127517,82839
171372,83281
71859,83287
51481,83313
38543,83730
159117,83858
14636,83985
284276,84061
38117,84061
74461,84335
13186,84335
277355,84335
175291,84697
19585,84851
245916,84931
242512,84962
297222,85675
20453,85675
24122,86203
174772,86255
75612,86270
20526,86270
82505,86482
79218,87055
52015,87082
159128,87082
244509,87082
10336,87130
38684,87257
16258,87438
13667,87565
91745,87695
1930,87742
102382,87742
19913,87742
43947,88039
207768,88039
189197,88391
84348,88556
38408,88967
14248,89112
22855,90367
75674,90429
244264,90492
84355,90492
190847,90508
209189,90575
23827,90591
23830,90607
24056,90812
62206,91268
19908,91268
82682,91268
24804,92657
13417,92694
13417,92695
24238,92733
70821,93136
55779,93214
216282,93214
15655,93301
124459,93419
22494,93468
77950,94075
18405,94108
25769,94220
25769,94222
23128,94815
25941,94918
74306,95024
26388,95320
75638,95320
18570,95687
44113,96166
14202,96166
203819,96166
267806,96323
87436,96323
38073,96439
110416,96676
26963,96676
26963,96677
22907,97026
51620,97555
127560,97942
49020,98103
146015,98103
27586,98521
241848,98631
83899,98631
84348,98631
159117,98631
87436,98631
13377,100888
127373,101444
127373,101446
28665,101518
87436,101542
58428,101542
84348,101542
116149,101666
319075,102109
29917,105239
87436,105574
123025,105643
242643,105643
147773,105648
10957,107274
22586,107274
10948,107274
187017,107446
64688,107446
137106,107446
22794,107446
31011,107490
87436,107941
77805,109402
77805,109403
84184,109745
76285,109857
15189,109857
33217,109857
79548,111094
34016,111686
25475,111736
151960,111736
234200,111807
87436,112280
34806,113225
13377,113285
106021,113500
169881,113500
35019,113600
252607,113609
13851,113911
44629,114334
157845,114334
31867,114404
35690,114597
54054,114597
172803,115033
145135,116357
38321,116357
22894,116357
13655,116370
136795,116805
55721,116805
16866,117052
37495,117794
267806,118303
151368,118303
87436,118303
87436,118369
74997,118639
37169,118639
80038,119368
55846,119406
64678,119417
262543,119953
155084,120245
38358,120245
34653,120615
38757,121830
39013,121873
250766,122449
40662,124279
93456,124747
20352,124747
20352,124748
73723,124748
93456,124748
242095,125324
59961,125738
62177,126638
23823,126882
41479,126910
203833,126945
36419,129715
226857,129718
124905,129894
87436,129937
87436,129938
14024,129952
43959,129952
94380,130051
59968,130816
68737,130938
12819,131242
44835,131521
39452,131617
39312,131948
72545,132876
60420,132964
45649,133398
87436,133403
45658,133406
75900,133502
136835,134156
42941,134604
46261,135601
46429,136141
244786,136495
62177,137262
181886,137427
46738,137427
146233,137427
117974,137467
87436,137467
87436,138557
36970,138857
97367,139098
46705,139098
15969,139851
109513,140372
46528,141169
1281,141450
87436,141673
49010,141673
159117,141673
49012,141675
49021,141688
84348,141962
14873,142007
159117,142013
42296,142272
72571,142272
82990,142272
72571,142276
42296,142276
82990,142276
49444,142312
138103,143059
49950,143079
265177,143593
84306,144009
146238,144221
50348,144221
267806,144232
13382,144977
230179,145228
77234,145867
220289,146439
87436,147695
276839,149961
3170,150003
245706,150098
177888,150207
111440,150630
87818,153882
77174,154705
22794,155267
64688,155267
137106,155267
187017,155267
59678,155531
3170,160942
147773,161932
242224,164554
82690,165787
189197,166291
113947,168330
114150,168667
82679,168798
226486,170820
8968,174917
69798,175463
254474,182636
76492,185438
70954,186783
242643,204553
87436,206169
51052,208113
252178,208527
75258,210053
288158,212240
228165,217174
84174,217587
293310,220691
13851,221764
55465,222470
84175,223516
14254,223886
62211,225976
107811,226089
756,226599
51162,227438
51162,227439
177572,227439
58595,228134
178809,229002
21861,229568
80271,229568
57800,229962
250066,232858
220286,234824
159117,235430
87436,235430
156700,236539
154400,236859
226448,238679
64586,239404
64686,239571
137182,239672
75802,264113
157375,288710
136797,293911
75674,293911
244772,303056
75736,523789
89691,524700
50837,527607
157117,533061
76640,543568
97051,543842
126277,544130
126277,544134
248390,544655
157547,551463
241239,556172
50839,556172
146203,557179
87436,557880
270303,558929
181330,559968
77951,561061
72197,565297
72570,566328
290764,568279
87436,574660
77949,582918
241855,583479
267806,583479
267806,587800
79694,587800
80389,589402
152748,592493
84329,836732
252680,844266
84287,859754
252680,909318
254473,928490
80767,928915
243940,928915
273895,929825
83686,929917
13851,930221
84330,930706
84332,930707
84334,930708
157386,930710
85446,932088
109428,932248
87499,933739
76726,934803
87436,935179
81796,936154
249660,937340
87818,938681
87818,938682
16866,968303
272693,991868
2026,1011158
307663,1024823
16690,1027737
16690,1027738
102651,1032536
13761,1033844
79316,1039527
84348,1039527
84348,1039528
84348,1039529
209247,1041418
80215,1044256
80215,1044257
158999,1045176
109451,1046494
111969,1053420
222935,1053420
157354,1056121
13851,1056311
114750,1059571
95516,1066409
262551,1067317
241855,1074560
267806,1074560
125490,1081445
127867,1085904
129139,1088647
68179,1098477
134366,1098658
227719,1099862
238603,1101410
136403,1105712
184345,1110102
139038,1110102
132232,1113116
326359,1120694
109445,1120694
157370,1138699
41602,1140271
159121,1140570
239563,1141683
170687,1152981
16866,1158156
180948,1163471
49017,1167470
191720,1172231
34636,1174031
192538,1174090
198663,1179066
199373,1179590
200481,1181281
262551,1186076
206821,1189506
209262,1192754
205601,1193597
192132,1193602
210947,1194748
210947,1194749
205724,1204338
14411,1205756
13851,1207951
13851,1207953
225565,1211000
174675,1211216
19458,1213560
12914,1214381
72431,1216147
2112,1216735
14191,1223175
38843,1223175
287084,1224031
177494,1224425
227783,1262197
227700,1263877
228326,1265056
242076,1277050
243683,1278722
244506,1279781
248774,1284099
249164,1284493
253306,1288796
252171,1289604
254191,1290265
112454,1293994
57214,1299380
294652,1299642
297608,1306608
265016,1310518
50698,1310518
199575,1323509
273271,1326297
269100,1331772
277547,1331991
123678,1349420
286554,1368144
50698,1375066
79108,1375201
239573,1375201
146239,1375201
305932,1389033
201086,1488383
